1,Summary,File Summary,,,1040,,K/1,/Code/NN,/Code/SMU,/Description/WM,/Count/SO,/Editing/SO,/FileName/WO,,,,,,,,
2,OO,Option,AMCDQ,OO.csv/I/OO,1040,,K/1,/Code/SM r/48,/Parameter/WO S,,,,,,,,,,,,
48,,Options,,,,,K/1,/Code/SM ,/Description/WM ,,,,,,,,,,,,
1048,0,Description of Model,,,,,,,,,,,,,,,,,,,
1048,1,Allocate Budget in Run,,,,,,,,,,,,,,,,,,,
1048,2,DIMT Dimension Number,,,,,,,,,,,,,,,,,,,
1048,3,Level of Confidence Dimension Number,,,,,,,,,,,,,,,,,,,
1048,4,Run Allocation,,,,,,,,,,,,,,,,,,,
1048,5,Transaction Dump Required,,,,,,,,,,,,,,,,,,,
1048,6,Trace Loop Limit,,,,,,,,,,,,,,,,,,,
1048,7,Trace Allocation,,,,,,,,,,,,,,,,,,,
1048,8,Trace Allocation Value Cube,,,,,,,,,,,,,,,,,,,
1048,9,Trace TX After,,,,,,,,,,,,,,,,,,,
56,,Run Allocation option,,,,,K/1,/Code/SMU,/Description/WM,,,,,,,,,,,,
1056,0,Run Allocation - always,,,,,,,,,,,,,,,,,,,
1056,1,Run Allocation - if no errors,,,,,,,,,,,,,,,,,,,
1056,2,Do not run allocation,,,,,,,,,,,,,,,,,,,
3,DIMH,Dim Header,AMCDQ,dimh.csv/I/DIMH,1040,,K/1,/Code/SM,/Description/MM,,,,,,,,,,,,
49,,Summarisation,,,,,K/1,/Code/SMU,/Description/MM,,,,,,,,,,,,
1049,Y,Yes,,,,,,,,,,,,,,,,,,,
1049,N,No,,,,,,,,,,,,,,,,,,,
4,DIM01,@,AMCDQ,dim01.csv/ F/DIM01,1040,3/1,K/1,/Code/SMU,/Description/WM,/Parent Code/SOU/4,/Summarisation/MOU/49,,,,,,,,,,
5,DIM02,@,AMCDQ,dim02.csv/ F/DIM02,1040,3/2,K/1,/Code/SMU,/Description/WM,/Parent Code/SOU/5,/Summarisation/MOU/49,,,,,,,,,,
6,DIM03,@,AMCDQ,dim03.csv/ F/DIM03,1040,3/3,K/1,/Code/SMU,/Description/WM,/Parent Code/SOU/6,/Summarisation/MOU/49,,,,,,,,,,
7,DIM04,@,AMCDQ,dim04.csv/ F/DIM04,1040,3/4,K/1,/Code/SMU,/Description/WM,/Parent Code/SOU/7,/Summarisation/MOU/49,,,,,,,,,,
8,DIM05,@,AMCDQ,dim05.csv/ F/DIM05,1040,3/5,K/1,/Code/SMU,/Description/WM,/Parent Code/SOU/8,/Summarisation/MOU/49,,,,,,,,,,
9,DIM06,@,AMCDQ,dim06.csv/ F/DIM06,1040,3/6,K/1,/Code/SMU,/Description/WM,/Parent Code/SOU/9,/Summarisation/MOU/49,,,,,,,,,,
10,DIM07,@,AMCDQ,dim07.csv/ F/DIM07,1040,3/7,K/1,/Code/SMU,/Description/WM,/Parent Code/SOU/10,/Summarisation/MOU/49,,,,,,,,,,
11,DIM08,@,AMCDQ,dim08.csv/ F/DIM08,1040,3/8,K/1,/Code/SMU,/Description/WM,/Parent Code/SOU/11,/Summarisation/MOU/49,,,,,,,,,,
19,DIMT,Dimension Translate,AMCDQ,dimt.csv/I/DIMT,1040,2/2,K/1,/Code/SMU@,//NN,//NN,//NN,/@/SOU/4,/@/SOU/5,/@/SOU/6,/@/SOU/7,/@/SOU/8,/@/SOU/9,/@/SOU/10,/@/SOU/11,/@/SOU/12,/@/SOU/13
20,STG,Stage,AMCDQ,stg.csv/I/STG,1040,,K/1,/Code/SMU,/Description/MM,/STG Type/SMU/52,,,,,,,,,,,
52,,Stage Type,,,,,K/1,/Code/SMU,/Description/MM,,,,,,,,,,,,
1052,1,Initial,,,,,,,,,,,,,,,,,,,
1052,2,Working,,,,,,,,,,,,,,,,,,,
1052,3,Final,,,,,,,,,,,,,,,,,,,
1052,4,Reporting,,,,,,,,,,,,,,,,,,,
21,CPG,Cost Pool Group,AMCDQ,cpg.csv/I/CPG,1040,,K/1,/Code/SMU,/Description/MM,/STG Code/SMU/20,/CPG Priority/SO/22,/Reverse Sign/CO/49,/CP Prty1/SO/23,/CP Prty2/SO/23,/CP Prty3/SO/23,/CP Prty4/SO/23,/CP Prty5/SO/23,/CP Prty6/SO/23,,,
22,,CPG Priority,,,,,K/1,/Code/SMU,/Description/MM,,,,,,,,,,,,
1022,1,Priority 1,,,,,,,,,,,,,,,,,,,
1022,2,Priority 2,,,,,,,,,,,,,,,,,,,
1022,3,Priority 3,,,,,,,,,,,,,,,,,,,
1022,4,Priority 4,,,,,,,,,,,,,,,,,,,
1022,5,Priority 5,,,,,,,,,,,,,,,,,,,
1022,6,Priority 6,,,,,,,,,,,,,,,,,,,
1022,7,Priority 7,,,,,,,,,,,,,,,,,,,
1022,8,Priority 8,,,,,,,,,,,,,,,,,,,
1022,9,Priority 9,,,,,,,,,,,,,,,,,,,
23,,CP Dimension Priority,,,,,K/1,/Code/SMU,/Description/MM,,,,,,,,,,,,
1023,1,Dim Priority 1,,,,,,,,,,,,,,,,,,,
1023,2,Dim Priority 2,,,,,,,,,,,,,,,,,,,
1023,3,Dim Priority 3,,,,,,,,,,,,,,,,,,,
1023,4,Dim Priority 4,,,,,,,,,,,,,,,,,,,
1023,5,Dim Priority 5,,,,,,,,,,,,,,,,,,,
1023,6,Dim Priority 6,,,,,,,,,,,,,,,,,,,
1023,7,Dim Priority 7,,,,,,,,,,,,,,,,,,,
1023,8,Dim Priority 8,,,,,,,,,,,,,,,,,,,
1023,9,Dim Priority 9,,,,,,,,,,,,,,,,,,,
1023,10,Dim Priority 10,,,,,,,,,,,,,,,,,,,
24,CPGIDC,CPG Input Dimension Change,AMCDQ,cpgidc.csv/I/CPGIDC,1040,,K/1,/Code/SMU/21,/Description/MO,//NN,//NN,/@/SO %/4,/@/SO %/5,/@/SO %/6,/@/SO %/7,/@/SO %/8,/@/SO %/9,/@/SO %/10,/@/SO %/11,/@/SO %/12,/@/SO %/13
25,CPGS,CPG Selection,AMCDQ,cpgs.csv/I/CPGS,1040,,S/1,/Code/SMU/21,/Description/MO,//NN,//NN,/@/SOU/4,/@/SOU/5,/@/SOU/6,/@/SOU/7,/@/SOU/8,/@/SOU/9,/@/SOU/10,/@/SOU/11,/@/SOU/12,/@/SOU/13
26,CP ,Cost Pool,AMCDQ,cp.csv/I/CP,1040,,K/1,/Code/CMU,/Description/WM,/CPG Code/SMU/21,/AB Code/COU>/31,/Allocn Method/SO s/44,/CP Variance Code/COUV/26,/Value Budget/CON,/Unit Source/SO/45,/Unit Budget Total/COF,/Unit Actual Total/COF,,,,
44,,Allocation Method,,,,,K/1,/Code/SMU,/Description/WM,,,,,,,,,,,,
1044,0,Allocate Actual,,,,,,,,,,,,,,,,,,,
1044,1,Allocate Budget,,,,,,,,,,,,,,,,,,,
1044,2,Allocate Unit Budget Price * Nr Units,,,,,,,,,,,,,,,,,,,
1044,3,Allocate Unit Budget Price * Nr Units up to Budget,,,,,,,,,,,,,,,,,,,
45,,Unit Source,,,,,K/1,/Code/SMU,/Description/WM,,,,,,,,,,,,
1045,0,Do not use Units,,,,,,,,,,,,,,,,,,,
1045,1,Use Units in Cost Pool,,,,,,,,,,,,,,,,,,,
1045,2,"Use Unit Budget in CP, Unit Actual in ABL",,,,,,,,,,,,,,,,,,,
1045,3,Use Measures in ABL,,,,,,,,,,,,,,,,,,,
27,CPS,CP Selection,AMCDQ,cps.csv/I/CPS,1040,,S/1,/Code/CMU/26,/Description/MO,//NN,//NN,/@/SOU/4,/@/SOU/5,/@/SOU/6,/@/SOU/7,/@/SOU/8,/@/SOU/9,/@/SOU/10,/@/SOU/11,/@/SOU/12,/@/SOU/13
28,CPDC,CP Dimension Change,AMCDQ,cpdc.csv/I/CPDC,1040,,K/1,/Code/CMU/26,/Description/MO,//NN,//NN,/@/SO %/4,/@/SO %/5,/@/SO %/6,/@/SO %/7,/@/SO %/8,/@/SO %/9,/@/SO %/10,/@/SO %/11,/@/SO %/12,/@/SO %/13
29,CPB,CP Budget,AMCDQ,cpb.csv/I/CPB,1040,,S/1,/Code/CMU/26,/Value Budget/COF,/Unit Budget Total/COF,/Unit Actual Total/COF,,,,,,,,,,
30,CPBV,CP Budget Variance Dimension,AMCDQ,cpbv.csv/I/CPBV,1040,,K/1,/Code/CMU/26,/Description/MO,//NN,//NN,/@/SOU%/4,/@/SOU%/5,/@/SOU%/6,/@/SOU%/7,/@/SOU%/8,/@/SOU%/9,/@/SOU%/10,/@/SOU%/11,/@/SOU%/12,/@/SOU%/13
31,AB,Allocation Base,AMCDQ,ab.csv/I/AB,1040,,K/1,/Code/CMU,/Description/WM
32,ABL,AB Line,AMCDQ,abl.csv/I/ABL,1040,,S/1,/Code/CMU/31,/Description/WO,/Type/SMUw/47,/Code or Value/CMUW,/Output CP Code/CMU/26,/Unit Budget/SOF,,,,,,,,
47,,ABL Type,,,,,K/1,/Code/SMU,/Description/WM,,,,,,,,,,,,
1047,C,Constant Value,,,,,,,,,,,,,,,,,,,
1047,N,NM - Named Measure,,,,,,,,,,,,,,,,,,,
1047,I,IM - Internally Generated Measure,,,,,,,,,,,,,,,,,,,
33,NM,Named Measure,AMCDQ,nm.csv/I/NM,1040,,K/1,/Code/SMU,/Description/WM,/Value/SOF,/Divisor/SOF,,,,,,,,,,
34,NMV,Named Measure Value,AMCDQ,nmv.csv/I/NMV,1040,,K/1,/Code/SMU/33,/Value/SMF,,,,,,,,,,,,
35,IM,Internally Generated Measure,AMCDQ,im.csv/I/IM,1040,,K/1,/Code/SMU,/Description/WM,/Source/SMU/46,/Divisor/SOF,,,,,,,,,,
46,,Source of IGM,,,,,K/1,/Code/SMU,/Description/MM,,,,,,,,,,,,
1046,T,Transaction,,,,,,,,,,,,,,,,,,,
1046,C,Cost Pools Value Cubes,,,,,,,,,,,,,,,,,,,
36,IMS,IM Selection,AMCDQ,ims.csv/I/IMS,1040,,S/1,/Code/SMUi/35,/Description/WO,/CP Code/SOUI/26,/Include/SMU/57,/@/SOU/4,/@/SOU/5,/@/SOU/6,/@/SOU/7,/@/SOU/8,/@/SOU/9,/@/SOU/10,/@/SOU/11,/@/SOU/12,/@/SOU/13
57,,Include/Exclude,,,,,K/1,/Code/SMU,/Description/MM,,,,,,,,,,,,
1057,I,Include,,,,,,,,,,,,,,,,,,,
1057,E,Exclude,,,,,,,,,,,,,,,,,,,
37,TX1,Transaction 1 File,AMCDQ,TX1.csv/ F/TX,1040,,,/Value/SMN,/@/SO/4,/@/SO/5,/@/SO/6,/@/SO/7,/@/SO/8,/@/SO/9,/@/SO/10,/@/SO/11,/@/SO/12,/@/SO/13,,,
38,TX2,Transaction 2 File,AMCDQ,TX2.csv/ F/TX,1040,,,/Value/SMN,/@/SO/4,/@/SO/5,/@/SO/6,/@/SO/7,/@/SO/8,/@/SO/9,/@/SO/10,/@/SO/11,/@/SO/12,/@/SO/13,,,
39,RUN,Run File,AMCDQ,run.csv//RUN,1030,,,/Code/SMU/40,/File Type/SO/41,/File Name/WM,,,,,,,,,,,
40,,Run Rec Type,,,,,K/1,/Code/SMU,/Description/WM,,,,,,,,,,,,
1040,,,Comment,,,,,,,,,,,,,,,,,,
1040,$ODIR,Output Directory,,,,,,,,,,,,,,,,,,,
1040,$IDIR,Input Directory,,,,,,,,,,,,,,,,,,,
1040,$FILE,File,,,,,,,,,,,,,,,,,,,
41,,File Type required for DIM,,,,,K/1,/Code/SMU,/Description/WM,,,,,,,,,,,,
1041,DIM01,Dimension 1,,,,,,,,,,,,,,,,,,,
1041,DIM02,Dimension 2,,,,,,,,,,,,,,,,,,,
1041,DIM03,Dimension 3,,,,,,,,,,,,,,,,,,,
1041,DIM04,Dimension 4,,,,,,,,,,,,,,,,,,,
1041,DIM05,Dimension 5,,,,,,,,,,,,,,,,,,,
1041,DIM06,Dimension 6,,,,,,,,,,,,,,,,,,,
1041,DIM07,Dimension 7,,,,,,,,,,,,,,,,,,,
1041,DIM08,Dimension 8,,,,,,,,,,,,,,,,,,,
1041,DIM09,Dimension 9,,,,,,,,,,,,,,,,,,,
1041,DIM10,Dimension 10,,,,,,,,,,,,,,,,,,,
1041,TX,Transaction,,,,,,,,,,,,,,,,,,,
42,CPY,Copy Cost Pool VC,AMCDQ,cpy.csv/I/CPY,1040,,,/CP Code From/CMU/26,/CP Code To/CMU/26,,,,,,,,,,,,
43,REP,Report Parameters,AMCDQ,reports.csv/I/REP,1100,,,/Code/SMU/50,/Filename/MO,/Select Range 1/MOU,/Select-range CPG/MOU/21,/Select-range CP/MOU/26,/Show Sel/SO/51,/CP/CO/51,/Show CP/SO/51,/Show AB/CO/51,/Show VC/CO/51,/Where Used CP/CO/51,/Where Used AB/CO/51,,
50,,Report List,,,,,K/1,/Code/SMU,/Description/WM,,,,,,,,,,,,
1050,11,Dimension Details,,,,,,,,,,,,,,,,,,,
1050,12,Stage,,,,,,,,,,,,,,,,,,,
1050,13,Cost Pool Selection Resolution,,,,,,,,,,,,,,,,,,,
1050,14,Cost Measures,,,,,,,,,,,,,,,,,,,
1050,15,Cost Pool,,,,,,,,,,,,,,,,,,,
1050,16,Allocation Base,,,,,,,,,,,,,,,,,,,
1050,21,Cost Pool Initial Contribution,,,,,,,,,,,,,,,,,,,
1050,22,Cost Pool Final Contribution ,,,,,,,,,,,,,,,,,,,
1050,23,Trace Forward,,,,,,,,,,,,,,,,,,,
1050,24,Trace Back,,,,,,,,,,,,,,,,,,,
1050,25,Cost Pool Variance ,,,,,,,,,,,,,,,,,,,
1050,31,Cost Pool Cube Analysis,,,,,,,,,,,,,,,,,,,
1050,32,Transaction Selection,,,,,,,,,,,,,,,,,,,
1050,33,Extract ValueCubes,,,,,,,,,,,,,,,,,,,
1050,34,Extract Dimensions,,,,,,,,,,,,,,,,,,,
51,,Selection Unselect,,,,,K/1,/Code/SMU,/Description/WM,,,,,,,,,,,,
1051,,Selection,,,,,,,,,,,,,,,,,,,
1051,-,Un select,,,,,,,,,,,,,,,,,,,
54,RREP,Rollup Report Parameters,AMCDQ,reportsr.csv/I/REP,1100,,,/Code/SMU/55,/Filename/MO,/Select Range STG/MOU,/Select-range CPG/MOU/21,/Select-range CP/MOU/26,/DIM Nr1/SM9/3,/Nr of Levels 1/CM9,/DIM Nr2/SO9/3,/Nr or Levels  2/CO9,/DIM Nr3/SO9/3,/Nr of Levels 3/CO9,,,
55,,Report List,,,,,K/1,/Code/SMU,/Description/WM,,,,,,,,,,,,
1055,26,Rollup Report     ,,,,,,,,,,,,,,,,,,,
