CP,CP100,CP with zero actual but budget and allocate budget,CPG11,>CP201,1,CP2V,5555,,,,
CP,CP101,CP101 Desc,CPG11,AB101,1,CP2V,3790198.96,,,,
CP,CP102,CP102 Desc,CPG12,AB102,2,CP2V,3000000,3,150,200,
CP,CP103,CP103 Desc,CPG13,AB103,,,,,,,
CP,CP201,CP201 Desc,CPG20,AB201,,,,,,,
CP,CP202,CP202 Desc,CPG20,AB202,0,,,,,,
CP,CP203,CP203 Desc,CPG20,AB203,,,,,,,
CP,CP2V,CP 2 Variance,CPG20,,,,,,,,
CP,CP301,CP301 Desc,CPG30,,1,CP2V,,,,,
CP,CP302,CP302 Desc,CPG30,,,,,,,,
CP,CP303,CP303 Desc,CPG30,,,,,,,,
CP,CP304,CP304 Desc,CPG30,,,,,,,,
CP,CP305,CP305 Desc,CPG30,,,,,,,,
CP,CP990,CP990 Desc,CPG99,,,,,,,,
CP,CP991,CP991 Desc,CPG99,,,,,,,,
CP,CPASS1,Assets1,CPGASS,AB1ASS,,,,,,,
