10,All Accounts,,,
1000,Assets,10,,
1010,Cash Operating Account,1000,,
1020,Cash Debtors,1000,,
1030,Petty Cash,1000,,
1200,Receivables,10,,
1210,A/R Trade,1200,,
1220,A/R Trade Notes Receivable,1200,,
1230,Instalment Receivables,1200,,
1240,Retainage Withheld,1200,,
1290,Misc,1200,,
1300,Inventories,10,,
1310,Inventory Reserved,1300,,
1320,Inventory WIP,1300,,
1330,Inventory Finished Goods,1300,,
1340,Inventory Reserved,1300,,
1350,Inventory Unbilled Cost & Fees,1300,,
1390,Inventory Obsolecent,1300,,
4000,Revenue,10,,
4010,Product Revenue,4000,,
4020,Interest Income,4000,,
4030,Sales Returns,4000,,
4040,Sales Discounts,4000,,
5000,Cost of Goods Sold,10,,
5010,Cost of Goods Sold,5000,,
5020,Freight,5000,,
5030,Inventory Adjustments,5000,,
5040,Purchase Returns,5000,,
6000,Operating Expenses,10,,
6010,Advertising Expense,6000,,
6020,Office Expenses,6000,,
6900,HR Expenses,6000,,
6910,Salaries,6900,,
6920,Payroll Tax,6900,,
