>,,,DIM02,A1,Head Office,All,,
1,Error, Parent Code not found for value of ALL,,,,^^
>,,,DIM02,B1,Sales,All,,
2,Error, Parent Code not found for value of ALL,,,,^^
>,,,DIM02,C1,Operations,All,,
3,Error, Parent Code not found for value of ALL,,,,^^
>,,,CPDC,CP991,,,,%2,C1,,,,,,,,,
4,Error, Account not found for value of %2,,,,,,^^
>,,,ABL,AB1ASS,,I,IM2C,CP202,,
5,Error, Code or Value not found for value of IM2C,,,,,^^
>,,,NM,TEST2,56,,,
6,Error, Duplicate Key,^^
>,,,IMS,IM2C,,CP101,I,4010,,,,,,,,,,
7,Error, Code not found for value of IM2C,,^^
>,,,IMS,IM2C,,CP101,I,4030,,,,,,,,,,
8,Error, Code not found for value of IM2C,,^^
>,,,REP,CP304,CP990,,,,,,,,,,,
9,Error, Code not found for value of CP304,,^^
>,,,REP,CP990,CP991,,,,,,,,,,,
10,Error, Code not found for value of CP990,,^^
>,,,REP,CP304,CP101,,,,,,,,,,,
11,Error, Code not found for value of CP304,,^^
>,,,REP,CP304,CP305,,,,,,,,,,,
12,Error, Code not found for value of CP304,,^^
>,,,REP,26,rep26.csv,,,CP304,1,2,2,5,,,,
13,Error, Code not found for value of 26,,^^
14,Error, Show Sel not found for value of 1,,,,,,,^^
15,Error, CP not found for value of 2,,,,,,,,^^
16,Error, Show CP not found for value of 2,,,,,,,,,^^
17,Error, Show AB not found for value of 5,,,,,,,,,,^^
