REP,CP304,CP990,,,,,,,,,,
REP,CP990,CP991,,,,,,,,,,
REP,CP304,CP101,,,,,,,,,,
REP,CP304,CP305,,,,,,,,,,
REP,11,rep11.csv,,,,,,,,,,
REP,12,rep12.csv,,,,,,,,,,
REP,13,rep13.csv,,,,,,,,,,
REP,14,rep14.csv,,,,,,,,,,
REP,15,rep15.csv,,,,,,,,,,
REP,16,rep16.csv,,,,,,,,,,
REP,21,rep21.csv,,,,,,,,,,
REP,22,rep22.csv,,,,,,,,,,
REP,23,rep23.csv,,,,,,,,,,
REP,24,rep24.csv,,,,,,,,,,
REP,25,rep25.csv,,,,,,,,,,
REP,31,rep31.csv,,,,,,,,,,
REP,26,rep26.csv,,,CP304,1,2,2,5,,,
REP,33,rep33.csv,,,,,,,,,,
REP,33,rep33a.csv,,,CP304,,,,,,,
