1:59:27 PM  Program Start FCASSA 23/08/2020 1:59:27 PM 
         ,Program,C:\Users\E440\Documents\DelphiProj\FCASSA\FCASSA.exe 
         ,Runfile,C:\Users\E440\Documents\DelphiProj\FCASSA\..\AllocData5\.Run.csv 
1:59:27 PM  Start Read Pass 1 - Memory 53044 Chg 53044
         $ODIR,,c:\users\$USERNAME\Documents\Delphiproj\AllocData5Out, 
         $IDIR,,. 
         $FILE,,DIMH.CSV, 
            records 5 
         $FILE,DIM01,DIM01.CSV, 
            records 34 
         $FILE,DIM02,DIM02.CSV, 
            records 17 
         $FILE,DIM03,DIM03.CSV, 
            records 12 
         $FILE,DIM04,DIM04.CSV, 
            records 12 
         $FILE,DIM05,DIM05.CSV, 
            records 12 
         $FILE,,OO.CSV, 
         1 Allocate Budget            OO,1,, 
         6 Trace Loop Limit           OO,6,100000, 
         7 Trace Allocation           OO,7,, 
            records 3 
         $FILE,,STG.csv, 
            records 5 
         $FILE,,CPG.CSV, 
            records 7 
         $FILE,,CPGS.CSV, 
            records 4 
         $FILE,,CP.csv, 
            records 16 
         $FILE,,CPS.CSV, 
            records 4 
         $FILE,,CPDC.csv, 
            records 1 
         $FILE,,AB.csv, 
            records 7 
         $FILE,,ABL.CSV, 
            records 16 
         $FILE,,NM.CSV, 
            records 4 
         $FILE,,IM.CSV, 
            records 1 
         $FILE,,IMS.CSV, 
            records 4 
         $FILE,TX,TX1.csv, 
         $FILE,,Reports.csv, 
            records 1 
         Nr of Data File Records 165 
         Nr of Run File Records 22 
         NrDIM[ 1]=34 
         NrDIM[ 2]=17 
         NrDIM[ 3]=12 
         NrDIM[ 4]=12 
         NrDIM[ 5]=12 
         NrSEL 22 
         NrDIMT 0 
         NrSTG 6 
         NrCPG 8 NrCPGS 5 NrCPGIDC 0 
         NrCP 24 NrCPS 12 NrCPDC 1 NrCPB 0 NrCPBV 0 
         NrAB 8 NrABL 17 
         NrNM 4 Nr NMV 0 NrIM 1 NrIMS 4 
1:59:27 PM  End of Pass1; Start Pass 2 - Memory 77224 Chg 24180
         $ODIR,,c:\users\$USERNAME\Documents\Delphiproj\AllocData5Out, 
         $IDIR,,. 
         $FILE,,DIMH.CSV, 
         $FILE,DIM01,DIM01.CSV, 
         $FILE,DIM02,DIM02.CSV, 
         $FILE,DIM03,DIM03.CSV, 
         $FILE,DIM04,DIM04.CSV, 
         $FILE,DIM05,DIM05.CSV, 
         $FILE,,OO.CSV, 
         $FILE,,STG.csv, 
         $FILE,,CPG.CSV, 
         $FILE,,CPGS.CSV, 
         $FILE,,CP.csv, 
         $FILE,,CPS.CSV, 
         $FILE,,CPDC.csv, 
         $FILE,,AB.csv, 
         $FILE,,ABL.CSV, 
         $FILE,,NM.CSV, 
  >>>>,,  121 NM; Value not valid; NM=TEST2 Value= recnr(4),NM,TEST2,56,,,
         $FILE,,IM.CSV, 
         $FILE,,IMS.CSV, 
         $FILE,TX,TX1.csv, 
         End of Dimension; Account; Nr Recs 34 
         End of Dimension; Cost Centre; Nr Recs 17 
         End of Dimension; Profit Centre; Nr Recs 12 
         End of Dimension; Product; Nr Recs 12 
         End of Dimension; Customer; Nr Recs 12 
         Max Size of Cube  998784 
  >>>>,,  101 NM; Duplicate Code; NM=TEST2 
  >>>>,,  139 ABL; IM Code not found; AB=AB1ASS IM=IM2C 
  >>>>,,  109 IMS; IM Code not found; IM=IM2C 
  >>>>,,  109 IMS; IM Code not found; IM=IM2C 
  >>>>,,  181 NM; Named Measure not set using NMV - initial value used; NM=NM1 Value=60 
  >>>>,,  181 NM; Named Measure not set using NMV - initial value used; NM=TEST Value=0 
  >>>>,,  181 NM; Named Measure not set using NMV - initial value used; NM=TEST2 Value=0 
  >>>>,,  181 NM; Named Measure not set using NMV - initial value used; NM=TEST2 Value=0 
1:59:27 PM  Finished Reading Model; Start of Read Transactions - Memory 32864464 Chg 32787240
1:59:27 PM  End of Transaction File; Nr TX 1000 
         $FILE,,Reports.csv, 
1:59:27 PM  End of Transactions; Start Allocate - Memory 32864484 Chg 20
         Number of Values in Value Cube 997 
1:59:27 PM  Alloc Loop 1 - Memory 32864496 Chg 12
1:59:27 PM  Alloc Loop 2 - Memory 32864496 Chg 0
1:59:27 PM  Alloc Loop 3 - Memory 32864496 Chg 0
1:59:27 PM  Alloc Loop 4 - Memory 32864496 Chg 0
         Number of Values in Value Cube 4281 
1:59:27 PM  End of Allocate; Start of Reports - Memory 32864480 Chg -16
         REP,CP304,CP990,,,,,,,,,,, 
         CPY; CP CP304 to CP CP990 
         REP,CP990,CP991,,,,,,,,,,, 
         CPY; CP CP990 to CP CP991 
         REP,CP304,CP101,,,,,,,,,,, 
         CPY; CP CP304 to CP CP101 
  >>>>,,  129 CPY; CPCode To; is part of model; copy skipped CP=CP101 recnr(3),REP,CP304,CP101,,,,,,,,,,,
         REP,CP304,CP305,,,,,,,,,,, 
         CPY; CP CP304 to CP CP305 
  >>>>,,  129 CPY; CPCode To; is part of model; copy skipped CP=CP305 recnr(4),REP,CP304,CP305,,,,,,,,,,,
         REP,11,rep11.csv,,,,,,,,,,, 
         REP,12,rep12.csv,,,,,,,,,,, 
         REP,13,rep13.csv,,,,,,,,,,, 
         REP,14,rep14.csv,,,,,,,,,,, 
         REP,15,rep15.csv,,,,,,,,,,, 
         REP,16,rep16.csv,,,,,,,,,,, 
         REP,21,rep21.csv,,,,,,,,,,, 
         REP,22,rep22.csv,,,,,,,,,,, 
         REP,23,rep23.csv,,,,,,,,,,, 
         REP,24,rep24.csv,,,,,,,,,,, 
         REP,25,rep25.csv,,,,,,,,,,, 
         REP,31,rep31.csv,,,,,,,,,,, 
         REP,26,rep26.csv,,,CP304,1,2,2,5,,,, 
         REP,33,rep33.csv,,,,,,,,,,, 
         REP,33,rep33a.csv,,,CP304,,,,,,,, 
1:59:28 PM  End of Run - Memory 32877124 Chg 12644
         Nr of Errors 11 
         Nr of Warnings 0 
1:59:28 PM  Program End 23/08/2020 1:59:28 PM 
