Allocation Base Report; rep16.csv; 23/08/2020 1:59:27 PM
,Code,Description,LOC,Measure Value,Propn,Code,Description,Unit Budget
AB,>CP201,">direct",1,1.00
    ABL,C,"CP201 Desc",,1.00,      1.0000,CP201,CP201 Desc,0.00
    Used by CP,CP100,"CP with zero actual but budget and allocate budget"
AB,AB101,"AB101 Desc",2,100.00
    ABL,C,"CP201 Desc",,80.00,      0.8000,CP201,CP201 Desc,0.00
    ABL,C,"CP202 Desc",,20.00,      0.2000,CP202,CP202 Desc,0.00
    Used by CP,CP101,"CP101 Desc"
AB,AB102,"AB102 DESC",2,100.00
    ABL,C,"CP202 Desc",,60.00,      0.6000,CP202,CP202 Desc,120.00
    ABL,C,"CP203 Desc",,40.00,      0.4000,CP203,CP203 Desc,40.00
    Used by CP,CP102,"CP102 Desc"
AB,AB103,"AB103DESC",2,100.00
    ABL,C,"CP201 Desc",,20.00,      0.2000,CP201,CP201 Desc,0.00
    ABL,C,"CP203 Desc",,80.00,      0.8000,CP203,CP203 Desc,0.00
    Used by CP,CP103,"CP103 Desc"
AB,AB1ASS,"ab1ass",3,100.00
    ABL,C,"CP201 Desc",,100.00,      1.0000,CP201,CP201 Desc,0.00
    ABL,I/IM2C,"CP202 Desc",,0.00,      0.0000,CP202,CP202 Desc,0.00
    Used by CP,CPASS1,"Assets1"
AB,AB201,"AB201 DESC",2,100.00
    ABL,C,"CP301 Desc",,40.00,      0.4000,CP301,CP301 Desc,0.00
    ABL,C,"CP302 Desc",,60.00,      0.6000,CP302,CP302 Desc,0.00
    Used by CP,CP201,"CP201 Desc"
AB,AB202,"AB202 DESC",2,100.00
    ABL,C,"CP303 Desc",,30.00,      0.3000,CP303,CP303 Desc,0.00
    ABL,C,"CP304 Desc",,50.00,      0.5000,CP304,CP304 Desc,0.00
    ABL,C,"CP302 Desc",,20.00,      0.2000,CP302,CP302 Desc,0.00
    Used by CP,CP202,"CP202 Desc"
AB,AB203,"AB203DESC",2,100.00
    ABL,C,"CP303 Desc",,40.00,      0.4000,CP303,CP303 Desc,0.00
    ABL,C,"CP304 Desc",,50.00,      0.5000,CP304,CP304 Desc,0.00
    ABL,C,"CP305 Desc",,10.00,      0.1000,CP305,CP305 Desc,0.00
    Used by CP,CP203,"CP203 Desc"
