Cost Pool Report; rep15.csv; 23/08/2020 1:59:27 PM
,Code,Description,Count,,,,Value,Account,Cost Centre,Profit Centre,Product,Customer
CP,.NOTSEL..NOTSEL,"Not Selected",,,,,10639053.42
    CPS,.NOTSEL..NOTSEL,"Not Selected",409,,,,10639053.42,*,*,*,*,*

CP,.NOTSEL.CPG11,"Not Selected",,,,,0.00
    CPS,.NOTSEL.CPG11,"Not Selected",0,,,,0.00,*,*,*,*,*

CP,.NOTSEL.CPG12,"Not Selected",,,,,0.00
    CPS,.NOTSEL.CPG12,"Not Selected",0,,,,0.00,*,*,*,*,*

CP,.NOTSEL.CPG13,"Not Selected",,,,,0.00
    CPS,.NOTSEL.CPG13,"Not Selected",0,,,,0.00,*,*,*,*,*

CP,.NOTSEL.CPGASS,"Not Selected",,,,,2507083.62
    CPS,.NOTSEL.CPGASS,"Not Selected",98,,,,2507083.62,*,*,*,*,*

CP,CP100,"CP with zero actual but budget and allocate budget",,,,,0.00
    AB,>CP201,">direct",Measure,Propn,Code,Desc,Value
    ABL,C,">direct",1.00,      1.0000,CP201,"CP201 Desc",5555.00
    variance,,,,,CP2V,CP 2 Variance,-5555.00

CP,CP101,"CP101 Desc",,,,,3780198.96
    CPS,CP101,"",147,,,,3780198.96,4000,*,*,*,*
    AB,AB101,"AB101 Desc",Measure,Propn,Code,Desc,Value
    ABL,C,"C Desc",80.00,      0.8000,CP201,"CP201 Desc",3032159.17
    ABL,C,"",20.00,      0.2000,CP202,"CP202 Desc",758039.79
    variance,,,,,CP2V,CP 2 Variance,-10000.00

CP,CP102,"CP102 Desc",,,,,3868762.01
    CPS,CP102,"",159,,,,3868762.01,5000,*,*,*,*
    AB,AB102,"AB102 DESC",Measure,Propn,Code,Desc,Value
    ABL,C,"",60.00,      0.6000,CP202,"CP202 Desc",1125000.00
    ABL,C,"",40.00,      0.4000,CP203,"CP203 Desc",750000.00
    variance,,,,,CP2V,CP 2 Variance,1993762.01

CP,CP103,"CP103 Desc",,,,,3682432.35
    CPS,CP103,"",146,,,,3682432.35,6000,*,*,*,*
    AB,AB103,"AB103DESC",Measure,Propn,Code,Desc,Value
    ABL,C,"",20.00,      0.2000,CP201,"CP201 Desc",736486.47
    ABL,C,"",80.00,      0.8000,CP203,"CP203 Desc",2945945.88

CP,CP201,"CP201 Desc",,,,,4687436.25
    AB,AB201,"AB201 DESC",Measure,Propn,Code,Desc,Value
    ABL,C,"",40.00,      0.4000,CP301,"CP301 Desc",1874974.50
    ABL,C,"",60.00,      0.6000,CP302,"CP302 Desc",2812461.75
    Used by CP,CPASS1,"Assets1"
    Used by CP,CP100,"CP with zero actual but budget and allocate budget"
    Used by CP,CP101,"CP101 Desc"
    Used by CP,CP103,"CP103 Desc"

CP,CP202,"CP202 Desc",,,,,1883039.79
    AB,AB202,"AB202 DESC",Measure,Propn,Code,Desc,Value
    ABL,C,"",30.00,      0.3000,CP303,"CP303 Desc",564911.94
    ABL,C,"",50.00,      0.5000,CP304,"CP304 Desc",941519.90
    ABL,C,"",20.00,      0.2000,CP302,"CP302 Desc",376607.96
    Used by CP,CP101,"CP101 Desc"
    Used by CP,CP102,"CP102 Desc"
    Used by CP,CPASS1,"Assets1"

CP,CP203,"CP203 Desc",,,,,3695945.88
    AB,AB203,"AB203DESC",Measure,Propn,Code,Desc,Value
    ABL,C,"",40.00,      0.4000,CP303,"CP303 Desc",1478378.35
    ABL,C,"",50.00,      0.5000,CP304,"CP304 Desc",1847972.94
    ABL,C,"",10.00,      0.1000,CP305,"CP305 Desc",369594.59
    Used by CP,CP102,"CP102 Desc"
    Used by CP,CP103,"CP103 Desc"

CP,CP2V,"CP 2 Variance",,,,,1978207.01
    Used by CP,CP101,"CP101 Desc"
    Used by CP,CP102,"CP102 Desc"
    Used by CP,CP100,"CP with zero actual but budget and allocate budget"
    Used by CP,CP301,"CP301 Desc"

CP,CP301,"CP301 Desc",,,,,1874974.50
    Used by CP,CP201,"CP201 Desc"

CP,CP302,"CP302 Desc",,,,,3189069.71
    Used by CP,CP201,"CP201 Desc"
    Used by CP,CP202,"CP202 Desc"

CP,CP303,"CP303 Desc",,,,,2043290.29
    Used by CP,CP202,"CP202 Desc"
    Used by CP,CP203,"CP203 Desc"

CP,CP304,"CP304 Desc",,,,,2789492.84
    Used by CP,CP202,"CP202 Desc"
    Used by CP,CP203,"CP203 Desc"

CP,CP305,"CP305 Desc",,,,,369594.59
    Used by CP,CP203,"CP203 Desc"

CP,CP990,"CP990 Desc",,,,,2789492.84

CP,CP991,"CP991 Desc",,,,,2789492.84

CP,CPASS1,"Assets1",,,,,913235.61
    CPS,CPASS1,"",41,,,,913235.61,1010,*,*,*,*
    AB,AB1ASS,"ab1ass",Measure,Propn,Code,Desc,Value
    ABL,C,"",100.00,      1.0000,CP201,"CP201 Desc",913235.61
    ABL,I/IM2C,"",0.00,      0.0000,CP202,"CP202 Desc",0.00

