Cost Pool Value Cube Analysis Report; rep31.csv; 23/08/2020 1:59:27 PM
,Code,Description,CPG,VC Count,Used KB
CP,.NOTSEL..NOTSEL,"Not Selected",.NOTSEL,409,12.78
CP,.NOTSEL.CPGASS,"Not Selected",CPGASS,96,3.00
CP,CP101,"CP101 Desc",CPG11,147,4.59
CP,CP102,"CP102 Desc",CPG12,158,4.94
CP,CP103,"CP103 Desc",CPG13,146,4.56
CP,CP201,"CP201 Desc",CPG20,335,10.47
CP,CP202,"CP202 Desc",CPG20,305,9.53
CP,CP203,"CP203 Desc",CPG20,304,9.50
CP,CP2V,"CP 2 Variance",CPG20,306,9.56
CP,CP301,"CP301 Desc",CPG30,335,10.47
CP,CP302,"CP302 Desc",CPG30,493,15.41
CP,CP303,"CP303 Desc",CPG30,451,14.09
CP,CP304,"CP304 Desc",CPG30,451,14.09
CP,CP305,"CP305 Desc",CPG30,304,9.50
CP,CP990,"CP990 Desc",CPG99,451,14.09
CP,CP991,"CP991 Desc",CPG99,427,13.34
CP,CPASS1,"Assets1",CPGASS,41,1.28

,,,,5159,161.22
,,,,Dupe Key,6
,,,,Alloc - Hash Seg,1,Data Seg,,1
